{"count":1,"self":308.5315584,"total":625.8917945,"children":{"AgentSendState":{"count":440984,"self":7.0903496,"total":86.7686871,"children":{"CollectObservations":{"count":176396,"self":0.88077549999999993,"total":0.88077549999999993,"children":null},"CollectDiscreteActionMasks":{"count":176396,"self":0.48674049999999996,"total":0.48674049999999996,"children":null},"AgentInfo.ToProto":{"count":176396,"self":2.0805658,"total":78.310821699999991,"children":{"GenerateSensorData":{"count":176396,"self":76.2302528,"total":76.2302559,"children":null}}}}},"DecideAction":{"count":440984,"self":225.85495039999998,"total":225.85495179999998,"children":null},"AgentAct":{"count":440984,"self":4.2792416,"total":4.7355968,"children":{"AgentInfo.ToProto":{"count":744,"self":0.0109704,"total":0.45635499999999996,"children":{"GenerateSensorData":{"count":744,"self":0.44538459999999996,"total":0.44538459999999996,"children":null}}}}}},"gauges":{"ReBoot.CumulativeReward":{"count":744,"max":18.40003,"min":1.20000017,"runningAverage":13.29706,"value":14.0000134,"weightedAverage":13.5444546}},"metadata":{"timer_format_version":"0.1.0","start_time_seconds":"1592439934","unity_version":"2019.4.0f1","command_line_arguments":"D:\\Unity\\AllData\\2019.4.0f1\\Editor\\Unity.exe -projectpath C:\/Users\/yusuf\/Documents\/GitHub\/ML_proje -useHub -hubIPC -cloudEnvironment production -hubSessionId 54252c50-b086-11ea-98a4-4daf7ab20681 -accessToken CP6gH2vh5AlKdaE8jELUVcEAADUrWSQnzwar2ojdti8011f","communication_protocol_version":"1.0.0","com.unity.ml-agents_version":"1.0.2","scene_name":"game","end_time_seconds":"1592440559"}}